{
    "pf_up": [
        1.0,
        0.402489769858578,
        0.30144536531303,
        0.30144536531303,
        0.2830340177401556,
        0.24456389968584147,
        0.24456389968584147,
        0.24456389968584147,
        0.24456389968584147,
        0.24456389968584147,
        0.2288978682023517,
        0.2288978682023517,
        0.2288978682023517,
        0.2288978682023517,
        0.22203433582011267,
        0.22203433582011267,
        0.22203433582011267,
        0.22203433582011267,
        0.22203433582011267,
        0.22203433582011267,
        0.22203433582011267,
        0.22203433582011267,
        0.22203433582011267,
        0.22203433582011267,
        0.22027662405157866,
        0.22027662405157866,
        0.22027662405157866,
        0.21744478277526424,
        0.21744478277526424,
        0.21744478277526424,
        0.21744478277526424,
        0.21744478277526424,
        0.21744478277526424,
        0.21744478277526424,
        0.21744478277526424,
        0.21744478277526424,
        0.21744478277526424,
        0.21744478277526424,
        0.21744478277526424,
        0.21744478277526424,
        0.21744478277526424,
        0.21744478277526424,
        0.21744478277526424,
        0.21744478277526424,
        0.21744478277526424,
        0.21744478277526424,
        0.21744478277526424,
        0.21744478277526424,
        0.21744478277526424,
        0.21744478277526424,
        0.21744478277526424,
        0.21744478277526424,
        0.21744478277526424,
        0.21744478277526424
    ],
    "pf_low": [
        0,
        0,
        0,
        0.0807075636828065,
        0.0807075636828065,
        0.0807075636828065,
        0.10395842776559425,
        0.12297608699090423,
        0.13443923973846372,
        0.14506999861345046,
        0.14506999861345046,
        0.1536964435864352,
        0.15922541732638376,
        0.1637690561577205,
        0.1637690561577205,
        0.16776725400533596,
        0.17203164172884217,
        0.17525061989279664,
        0.178853237262508,
        0.18162345728842308,
        0.18481187583144848,
        0.1871884656612291,
        0.18939875252348934,
        0.1909578122974133,
        0.1909578122974133,
        0.1920883571081503,
        0.19336356423106857,
        0.19336356423106857,
        0.19464477931045904,
        0.19577219096506107,
        0.1968201396213957,
        0.19821797195033303,
        0.1993265390047289,
        0.2002360541874953,
        0.20115532422976806,
        0.20185609712453825,
        0.20260002000604962,
        0.20324990645827495,
        0.20382579252436714,
        0.20434555629821052,
        0.20487962454652853,
        0.20544922441049335,
        0.20597092852005688,
        0.20647768236106237,
        0.20701807477044656,
        0.2075454436586013,
        0.20801539970048077,
        0.20851655165479455,
        0.2089414417668938,
        0.20935153429714284,
        0.20977187242877812,
        0.21018431608784652,
        0.2105938186980308,
        0.21097413246523927
    ],
    "pr_bu": [
        1.0,
        0.402489769858578,
        0.30144536531303,
        0.2207378016302235,
        0.20232645405734906,
        0.16385633600303495,
        0.1406054719202472,
        0.12158781269493724,
        0.11012465994737775,
        0.09949390107239098,
        0.0838278695889012,
        0.0752014246159165,
        0.06967245087596796,
        0.06512881204463117,
        0.058265279662392144,
        0.054267081814776685,
        0.05000269409127056,
        0.046783715927316005,
        0.04318109855760466,
        0.040410878531689565,
        0.037222459988664136,
        0.03484587015888363,
        0.032635583296623305,
        0.031076523522699406,
        0.029318811754165397,
        0.028188266943428353,
        0.026913059820510066,
        0.02408121854419565,
        0.022800003464805152,
        0.0216725918102032,
        0.020624643153868583,
        0.019226810824931273,
        0.01811824377053528,
        0.017208728587769007,
        0.016289458545496127,
        0.01558868565072602,
        0.014844762769214648,
        0.014194876316989347,
        0.013618990250897078,
        0.01309922647705375,
        0.012565158228735718,
        0.011995558364770953,
        0.011473854255207416,
        0.010967100414201902,
        0.010426708004817709,
        0.009899339116662964,
        0.00942938307478347,
        0.008928231120469698,
        0.008503341008370469,
        0.008093248478121429,
        0.007672910346486095,
        0.007260466687417755,
        0.006850964077233512,
        0.006470650310025028
    ],
    "no_br": [
        1,
        25,
        400,
        401,
        1409,
        2355,
        2371,
        2378,
        2447,
        2485,
        481,
        563,
        564,
        566,
        1476,
        1477,
        1742,
        1742,
        2776,
        3101,
        1276,
        1454,
        1513,
        1605,
        1664,
        1664,
        1741,
        2040,
        2108,
        2152,
        1157,
        1259,
        1378,
        1409,
        1413,
        1419,
        1447,
        1453,
        1459,
        1464,
        1148,
        1311,
        1398,
        1417,
        1554,
        1634,
        1647,
        1717,
        1718,
        1724,
        1443,
        1510,
        1577,
        1511
    ],
    "no_bs": [
        0,
        1,
        16,
        16,
        58,
        101,
        101,
        101,
        101,
        101,
        47,
        47,
        47,
        47,
        177,
        177,
        177,
        177,
        177,
        177,
        212,
        212,
        212,
        212,
        268,
        268,
        268,
        398,
        398,
        398,
        212,
        212,
        212,
        212,
        212,
        212,
        212,
        212,
        212,
        212,
        212,
        212,
        212,
        212,
        212,
        212,
        212,
        212,
        212,
        212,
        212,
        212,
        212,
        212
    ],
    "no_bf": [
        0,
        0,
        0,
        2,
        2,
        2,
        14,
        20,
        54,
        88,
        5,
        93,
        95,
        98,
        98,
        100,
        401,
        402,
        1010,
        1186,
        75,
        199,
        244,
        298,
        298,
        299,
        343,
        343,
        407,
        461,
        78,
        197,
        333,
        354,
        361,
        368,
        386,
        393,
        400,
        406,
        112,
        190,
        271,
        285,
        351,
        425,
        439,
        505,
        507,
        514,
        316,
        388,
        460,
        431
    ],
    "no_bu": [
        1,
        24,
        384,
        383,
        1349,
        2252,
        2256,
        2257,
        2292,
        2296,
        429,
        423,
        422,
        421,
        1201,
        1200,
        1164,
        1163,
        1589,
        1738,
        989,
        1043,
        1057,
        1095,
        1098,
        1097,
        1130,
        1299,
        1303,
        1293,
        867,
        850,
        833,
        843,
        840,
        839,
        849,
        848,
        847,
        846,
        824,
        909,
        915,
        920,
        991,
        997,
        996,
        1000,
        999,
        998,
        915,
        910,
        905,
        868
    ],