{
    "pf_up": [
        0.003960413635939686,
        0.0003181875906337339,
        0.0001731448238401212,
        5.817665418705875e-05,
        5.4606036575366446e-05,
        3.471791541831415e-05,
        2.8384252827251544e-05,
        7.099494610640633e-06
    ],
    "pf_low": [
        0,
        0,
        0,
        0,
        0,
        0,
        0,
        0
    ],
    "pr_bu": [
        0.003960413635939686,
        0.0003181875906337339,
        0.0001731448238401212,
        5.817665418705875e-05,
        5.4606036575366446e-05,
        3.471791541831415e-05,
        2.8384252827251544e-05,
        7.099494610640633e-06
    ],
    "no_br": [
        143,
        503,
        919,
        2551,
        13271,
        21765,
        25285,
        75742
    ],
    "no_bs": [
        19,
        91,
        267,
        403,
        1475,
        3173,
        3393,
        11049
    ],
    "no_bf": [
        0,
        0,
        0,
        0,
        0,
        0,
        0,
        0
    ],
    "no_bu": [
        124,
        412,
        652,
        2148,
        11796,
        18592,
        21892,
        64693
    ],
    "no_rs": [
        4,
        5,
        6,
        7,
        8,
        9,
        10,
        10
    ],
    "no_rf": [
        0,
        0,
        0,
        0,
        0,
        0,
        0,
        0
    ],
    "no_ra": [
        4,
        5,
        6,
        7,
        8,
        9,
        10,
        10
    ],
    "no_sf": [
        0,
        1,
        2,
        3,
        4,
        5,
        6,
        7
    ],
    "time": [
        0.2279949188232422,
        0.27343058586120605,
        0.40504002571105957,
        3.0027172565460205,
        12.90706181526184,
        16.580897092819214,
        54.979247093200684,
        874.9596626758575
    ],
    "min_len_rf": [
        0,
        0,
        0,
        0,
        0,
        0,
        0,
        0
    ],
    "avg_len_rf": [
        0,
        0,
        0,
        0,
        0,
        0,
        0,
        0
    ],
    "out_flag": "max_rules",
    "max_bu": 0
}