{
    "pf_up": [
        1.0,
        0.17442175781450497,
        0.03334911157477494,
        0.00894688869743332,
        0.003894453123579056,
        0.0006798314578275733,
        0.0003561531757781955,
        0.00015633550749183378,
        5.383590228014157e-05,
        5.0653244375920004e-05,
        4.43195819237463e-05,
        2.838425225271113e-05
    ],
    "pf_low": [
        0,
        0,
        0,
        0,
        0,
        0,
        0,
        0,
        0,
        0,
        0,
        0
    ],
    "pr_bu": [
        1.0,
        0.17442175781450497,
        0.03334911157477494,
        0.00894688869743332,
        0.003894453123579056,
        0.0006798314578275733,
        0.0003561531757781955,
        0.00015633550749183378,
        5.383590228014157e-05,
        5.0653244375920004e-05,
        4.43195819237463e-05,
        2.838425225271113e-05
    ],
    "no_br": [
        1,
        10,
        19,
        79,
        207,
        342,
        586,
        1246,
        2862,
        14146,
        5120,
        5144
    ],
    "no_bs": [
        0,
        1,
        2,
        7,
        36,
        51,
        89,
        149,
        250,
        1056,
        747,
        751
    ],
    "no_bf": [
        0,
        0,
        0,
        0,
        0,
        0,
        0,
        0,
        0,
        0,
        0,
        0
    ],
    "no_bu": [
        1,
        9,
        17,
        72,
        171,
        291,
        497,
        1097,
        2612,
        13090,
        4373,
        4393
    ],
    "no_rs": [
        1,
        2,
        3,
        3,
        4,
        5,
        6,
        7,
        8,
        9,
        10,
        10
    ],
    "no_rf": [
        0,
        0,
        0,
        0,
        0,
        0,
        0,
        0,
        0,
        0,
        0,
        0
    ],
    "no_ra": [
        1,
        2,
        3,
        3,
        4,
        5,
        6,
        7,
        8,
        9,
        10,
        10
    ],
    "no_sf": [
        0,
        1,
        2,
        3,
        4,
        5,
        6,
        7,
        8,
        9,
        10,
        11
    ],
    "time": [
        0.003000020980834961,
        0.014015436172485352,
        0.027987241744995117,
        0.14195036888122559,
        0.2779223918914795,
        0.6148250102996826,
        0.882657527923584,
        2.6743783950805664,
        8.395188570022583,
        33.875672340393066,
        28.421260833740234,
        36.324552059173584
    ],
    "min_len_rf": [
        0,
        0,
        0,
        0,
        0,
        0,
        0,
        0,
        0,
        0,
        0,
        0
    ],
    "avg_len_rf": [
        0,
        0,
        0,
        0,
        0,
        0,
        0,
        0,
        0,
        0,
        0,
        0
    ],
    "out_flag": "max_rules",
    "max_bu": 0
}