{
    "pf_up": [
        1.0,
        0.4024897698585781,
        0.3014453653130301,
        0.3014453653130301,
        0.28303401774015524,
        0.24456389968584114,
        0.24456389968584114,
        0.24456389968584114,
        0.24456389968584114,
        0.24456389968584114,
        0.2288978682023518,
        0.2288978682023518
    ],
    "pf_low": [
        0,
        0,
        0,
        0.08070756368280652,
        0.08070756368280652,
        0.08070756368280652,
        0.10395842776559426,
        0.12297608699090425,
        0.13443923973846375,
        0.14506999861345052,
        0.1450699986134505,
        0.15369644358643517
    ],
    "pr_bu": [
        1.0,
        0.4024897698585781,
        0.3014453653130301,
        0.2207378016302236,
        0.20232645405734873,
        0.16385633600303462,
        0.14060547192024686,
        0.1215878126949369,
        0.11012465994737741,
        0.09949390107239064,
        0.08382786958890132,
        0.07520142461591661
    ],
    "no_br": [
        1,
        30,
        480,
        483,
        1855,
        2973,
        2991,
        3000,
        3072,
        3123,
        563,
        558
    ],
    "no_bs": [
        0,
        1,
        16,
        16,
        65,
        108,
        108,
        108,
        108,
        108,
        53,
        53
    ],
    "no_bf": [
        0,
        0,
        0,
        3,
        3,
        3,
        16,
        23,
        58,
        93,
        10,
        11
    ],
    "no_bu": [
        1,
        29,
        464,
        464,
        1787,
        2862,
        2867,
        2869,
        2906,
        2922,
        500,
        494
    ],
    "no_rs": [
        1,
        2,
        2,
        3,
        3,
        3,
        3,
        3,
        3,
        4,
        4,
        4
    ],
    "no_rf": [
        0,
        0,
        1,
        1,
        1,
        2,
        3,
        4,
        5,
        5,
        6,
        6
    ],
    "no_ra": [
        1,
        2,
        3,
        4,
        4,
        5,
        6,
        7,
        8,
        9,
        10,
        10
    ],
    "no_sf": [
        0,
        1,
        2,
        3,
        4,
        5,
        6,
        7,
        8,
        9,
        10,
        11
    ],
    "time": [
        0.0007348060607910156,
        0.05335092544555664,
        0.9216949939727783,
        0.13048386573791504,
        4.1509108543396,
        7.752955913543701,
        0.7479679584503174,
        0.7532486915588379,
        1.1474008560180664,
        0.7998378276824951,
        1.4046688079833984,
        1.4489858150482178
    ],
    "min_len_rf": [
        0,
        0,
        2,
        2,
        2,
        2,
        2,
        2,
        2,
        2,
        1,
        1
    ],
    "avg_len_rf": [
        0,
        0,
        2.0,
        2.0,
        2.0,
        2.0,
        2.0,
        2.25,
        2.4,
        2.4,
        2.1666666666666665,
        2.1666666666666665
    ],
    "out_flag": "max_rules",
    "max_bu": 0
}